First Name,Last Name,Street Number,City,Province,Country,Postal Code,Phone Number,email Address
Amrit,Selere,2107,Halifax,IM,Canada,BJ 229KL,+1 2004127993,Amrit.Selere@yahoo.com
Yifan,Chillal,2107,Washington,ST,Canada,BJ 271KL,+1 2004127993,Yifan.Chillal@ymail.com
Ranjit,Bagher Zadeh Ansari,2103,Washington,OP,Canada,BJ 340KL,+1 2004127997,Ranjit.Bagher Zadeh Ansari@hotmail.com
Rodolfo,Taneja,2109,Quebec,DF,Canada,BJ 285KL,+1 2004127994,Rodolfo.Taneja@smu.ca
Narendran,Singh,2113,Bangalore,KL,Canada,BJ 261KL,+1 2004127988,Narendran.Singh@ymail.com
Jinal,Omar,2108,Delhi,YI,Canada,BJ 300KL,+1 2004127993,Jinal.Omar@smu.ca
Yudhvir,Bhagat,2103,Washington,JU,Canada,BJ 319KL,+1 2004127994,Yudhvir.Bhagat@ymail.com
Rodolfo,Devaraj,2105,Toronto,DF,Canada,BJ 275KL,+1 2004127993,Rodolfo.Devaraj@smu.ca
Mohannad,Bhagat,2105,Halifax,KL,Canada,BJ 236KL,+1 2004127997,Mohannad.Bhagat@yahoo.com
Wasiq Bin,Salvi,2105,Chennai,DF,Canada,BJ 241KL,+1 2004127998,Wasiq Bin.Salvi@yahoo.com
Lourdes,Sethi,2109,Calgary,DF,Canada,BJ 322KL,+1 2004127991,Lourdes.Sethi@ymail.com
Ranjit,Selere,2102,Chicago,YI,Canada,BJ 232KL,+1 2004127988,Ranjit.Selere@yahoo.com
Ameer,Sethi,2111,Bangalore,MO,Canada,BJ 306KL,+1 2004127995,Ameer.Sethi@yahoo.com
Dinesh Kumar,Arantes,2110,Quebec,OP,Canada,BJ 321KL,+1 2004127998,Dinesh Kumar.Arantes@ymail.com
Caner Adil,Devaraj,2111,NewYork,KL,Canada,BJ 273KL,+1 2004127995,Caner Adil.Devaraj@ymail.com
Abhiraj,Irfanoglu,2113,Bangalore,Yu,Canada,BJ 293KL,+1 2004127989,Abhiraj.Irfanoglu@yahoo.com
Mohannad,Irfanoglu,2101,Chicago,EW,Canada,BJ 229KL,+1 2004127987,Mohannad.Irfanoglu@ymail.com
Caner Adil,Singh,2108,Chicago,KL,Canada,BJ 337KL,+1 2004127989,Caner Adil.Singh@smu.ca
Md. Wahid Tausif,Salvi,2103,Halifax,KL,Canada,BJ 242KL,+1 2004127991,Md. Wahid Tausif.Salvi@yahoo.com
Ameer,Govindaraj,2110,Bangalore,CH,Canada,BJ 257KL,+1 2004127988,Ameer.Govindaraj@ymail.com
First Name,Last Name,Street Number,City,Province,Country,Postal Code,Phone Number,email Address
Ranjit,Bhagat,2113,Quebec,HI,Canada,BJ 329KL,+1 2004127998,Ranjit.Bhagat@yahoo.com
Alina,Oliver,2105,NewYork,GF,Canada,BJ 306KL,+1 2004127991,Alina.Oliver@smu.ca
Florisha,Garcia Barrantes,2100,Bangalore,Yu,Canada,BJ 343KL,+1 2004127991,Florisha.Garcia Barrantes@smu.ca
Naghmeh,Devaraj,2112,Chicago,GH,Canada,BJ 309KL,+1 2004127995,Naghmeh.Devaraj@hotmail.com
Hanieh,Mishra,2112,Chennai,JU,Canada,BJ 283KL,+1 2004127993,Hanieh.Mishra@ymail.com
Olugbenro,Selere,2102,Delhi,OP,Canada,BJ 223KL,+1 2004127990,Olugbenro.Selere@ymail.com
Ranjit,Salvi,2107,Chicago,GH,Canada,BJ 323KL,+1 2004127988,Ranjit.Salvi@smu.ca
Naghmeh,QasemiBoroujeni,2104,NewYork,IM,Canada,BJ 253KL,+1 2004127988,Naghmeh.QasemiBoroujeni@smu.ca
Mohannad,Suryawanshi,2102,Calgary,GF,Canada,BJ 274KL,+1 2004127995,Mohannad.Suryawanshi@hotmail.com
Amrit,Yin,2103,Bangalore,PL,Canada,BJ 270KL,+1 2004127998,Amrit.Yin@hotmail.com
Alina,Nagamanickam,2102,Ohio,GH,Canada,BJ 329KL,+1 2004127991,Alina.Nagamanickam@ymail.com
Mohannad,Singh,2102,Ohio,HI,Canada,BJ 277KL,+1 2004127994,Mohannad.Singh@ymail.com
Alina,Bhagat,2102,Bangalore,ST,Canada,BJ 340KL,+1 2004127990,Alina.Bhagat@smu.ca
Alina,Irfanoglu,2112,Ohio,KT,Canada,BJ 230KL,+1 2004127989,Alina.Irfanoglu@ymail.com
Amrit,Nagamanickam,2113,Washington,Yu,Canada,BJ 317KL,+1 2004127987,Amrit.Nagamanickam@smu.ca
Dinesh Kumar,Govindaraj,2108,Calgary,DF,Canada,BJ 283KL,+1 2004127992,Dinesh Kumar.Govindaraj@smu.ca
Amrit,Omar,2103,Chicago,EW,Canada,BJ 307KL,+1 2004127991,Amrit.Omar@ymail.com
Caner Adil,Oliver,2111,Delhi,KT,Canada,BJ 319KL,+1 2004127988,Caner Adil.Oliver@hotmail.com
Florisha,Bhagat,2111,Calgary,CH,Canada,BJ 300KL,+1 2004127993,Florisha.Bhagat@yahoo.com
Dinesh Kumar,Hamza,2108,NewYork,VG,Canada,BJ 259KL,+1 2004127995,Dinesh Kumar.Hamza@ymail.com
